{
  "project_info": {
    "project_number": "502672331194",
    "project_id": "firebase-openet-gcm"
  },
  "client": [
    {
      "client_info": {
        "mobilesdk_app_id": "1:502672331194:android:069a9902cb7fa322",
        "android_client_info": {
          "package_name": "com.openet.gcm"
        }
      },
      "oauth_client": [],
      "api_key": [
        {
          "current_key": "AIzaSyA4XIa6haiSTcamsYOfNJ3YW7hCUiyguo0"
        }
      ],
      "services": {
        "analytics_service": {
          "status": 1
        },
        "appinvite_service": {
          "status": 1,
          "other_platform_oauth_client": []
        },
        "ads_service": {
          "status": 1
        }
      }
    }
  ],
  "configuration_version": "1"
}